{"Fire_Year":1989,"median_acres_burned":45.5654299028,"median_cardinal_weight":101.0,"median_distance_to_fresno":493.2315928664}
{"Fire_Year":1990,"median_acres_burned":37.982610045,"median_cardinal_weight":101.0,"median_distance_to_fresno":464.8302186032}
{"Fire_Year":1991,"median_acres_burned":35.4835500996,"median_cardinal_weight":101.0,"median_distance_to_fresno":474.4109946475}
{"Fire_Year":1992,"median_acres_burned":42.4076299773,"median_cardinal_weight":101.0,"median_distance_to_fresno":452.8993355304}
{"Fire_Year":1993,"median_acres_burned":54.0994403928,"median_cardinal_weight":100.0,"median_distance_to_fresno":387.3193686094}
{"Fire_Year":1994,"median_acres_burned":159.7017067108,"median_cardinal_weight":100.0,"median_distance_to_fresno":444.7919096887}
{"Fire_Year":1995,"median_acres_burned":212.3042434752,"median_cardinal_weight":100.0,"median_distance_to_fresno":429.283296314}
{"Fire_Year":1996,"median_acres_burned":237.8485148834,"median_cardinal_weight":100.0,"median_distance_to_fresno":417.3781173696}
{"Fire_Year":1997,"median_acres_burned":85.2734499954,"median_cardinal_weight":100.0,"median_distance_to_fresno":379.109791316}
{"Fire_Year":1998,"median_acres_burned":105.72764267,"median_cardinal_weight":100.0,"median_distance_to_fresno":435.1571069636}
{"Fire_Year":1999,"median_acres_burned":189.3940639644,"median_cardinal_weight":100.0,"median_distance_to_fresno":405.8868703696}
{"Fire_Year":2000,"median_acres_burned":135.1451649131,"median_cardinal_weight":100.0,"median_distance_to_fresno":441.0284069188}
{"Fire_Year":2001,"median_acres_burned":96.0379213201,"median_cardinal_weight":100.0,"median_distance_to_fresno":422.1683400431}
{"Fire_Year":2002,"median_acres_burned":133.256434238,"median_cardinal_weight":100.0,"median_distance_to_fresno":432.6339495967}
{"Fire_Year":2003,"median_acres_burned":106.9996319631,"median_cardinal_weight":100.0,"median_distance_to_fresno":352.0297111987}
{"Fire_Year":2004,"median_acres_burned":95.0870818443,"median_cardinal_weight":101.0,"median_distance_to_fresno":329.308567395}
{"Fire_Year":2005,"median_acres_burned":151.758957247,"median_cardinal_weight":100.0,"median_distance_to_fresno":354.4819796053}
{"Fire_Year":2006,"median_acres_burned":146.648163451,"median_cardinal_weight":100.0,"median_distance_to_fresno":389.0165157394}
{"Fire_Year":2007,"median_acres_burned":134.5015295215,"median_cardinal_weight":100.0,"median_distance_to_fresno":442.6930081736}
{"Fire_Year":2008,"median_acres_burned":125.0757734327,"median_cardinal_weight":101.0,"median_distance_to_fresno":379.1548897083}
{"Fire_Year":2009,"median_acres_burned":82.564783918,"median_cardinal_weight":100.0,"median_distance_to_fresno":442.1738393766}
{"Fire_Year":2010,"median_acres_burned":93.9707828886,"median_cardinal_weight":100.0,"median_distance_to_fresno":441.7986141965}
{"Fire_Year":2011,"median_acres_burned":108.0505158037,"median_cardinal_weight":100.0,"median_distance_to_fresno":408.4720274853}
{"Fire_Year":2012,"median_acres_burned":100.7523631405,"median_cardinal_weight":100.0,"median_distance_to_fresno":401.5507044798}
{"Fire_Year":2013,"median_acres_burned":68.3477923319,"median_cardinal_weight":100.0,"median_distance_to_fresno":430.8612414265}
{"Fire_Year":2014,"median_acres_burned":73.2854464328,"median_cardinal_weight":100.0,"median_distance_to_fresno":452.4003948135}
{"Fire_Year":2015,"median_acres_burned":65.293940396,"median_cardinal_weight":100.0,"median_distance_to_fresno":409.7850345006}
{"Fire_Year":2016,"median_acres_burned":82.6703356718,"median_cardinal_weight":100.0,"median_distance_to_fresno":428.0734601371}
{"Fire_Year":2017,"median_acres_burned":86.9932413962,"median_cardinal_weight":100.0,"median_distance_to_fresno":382.9594972521}
{"Fire_Year":2018,"median_acres_burned":84.9292314653,"median_cardinal_weight":100.0,"median_distance_to_fresno":411.7776979487}
{"Fire_Year":2019,"median_acres_burned":65.5755115737,"median_cardinal_weight":100.0,"median_distance_to_fresno":410.6507762304}
